model,recall_mean,recall_std,pr_auc_mean,pr_auc_std,roc_auc_mean,roc_auc_std,f1_mean,f1_std,precision_mean,precision_std,accuracy_mean,accuracy_std
Dummy (most_frequent),0.0,0.0,0.2998652458794492,1.0327172192998234e-05,0.5,0.0,0.0,0.0,0.0,0.0,0.7001347541205508,1.032717219297744e-05
Dummy (stratified),0.2974659817569436,0.0025516820568076476,0.29967472431428943,0.0007707974315238095,0.4995295999010875,0.001823482458070853,0.2983318296095714,0.0025604748729157636,0.2992027329640071,0.002569341373450227,0.5804095064905938,0.0015316231950947517
LogisticRegression,0.0,0.0,0.29950808149029723,0.0021487826965410593,0.5002672803096953,0.0032823497324686157,0.0,0.0,0.0,0.0,0.7001347541205508,1.032717219297744e-05
RandomForest,0.10922473816152548,0.0029795273468441064,0.30157886452121413,0.001738210715775482,0.5019541668094101,0.0036815976741578446,0.16059190276583094,0.0038328831676940835,0.3032234940560303,0.004965611590240234,0.657637324241325,0.0009832089054686323
XGBoost,0.016643740379047332,0.0017050667825865983,0.3013033601834045,0.0016743693504363288,0.5026276815554773,0.002253959894542686,0.03156981204054433,0.0031273592168101355,0.3075878358593996,0.016374842529958796,0.693908622813359,0.0005764732481329619
MLP (PyTorch),0.46566487752536584,0.1857040462912401,0.3003578392382299,0.0027673796163415836,0.5010283908735824,0.003026525972689311,0.35321887304872274,0.04780100397689506,0.30028511206619335,0.002914422578430742,0.5136692805053809,0.07606445586467372
