model,recall_mean,recall_std,pr_auc_mean,pr_auc_std,roc_auc_mean,roc_auc_std,f1_mean,f1_std,precision_mean,precision_std,accuracy_mean,accuracy_std
Dummy (most_frequent),1.0,0.0,0.6987560204261938,1.0677919215092467e-05,0.5,0.0,0.8226678957833806,7.400409009410429e-06,0.6987560204261938,1.0677919215092467e-05,0.6987560204261938,1.0677919215092467e-05
Dummy (stratified),0.7000133922592742,0.002365544627381218,0.6982675026149499,0.0016514461203802964,0.49882534861650096,0.003909509739160522,0.6990304246071548,0.0023622228997199194,0.6980502136752136,0.00235891048780123,0.5787999874934252,0.003299811830913927
LogisticRegression,1.0,0.0,0.7004620554983202,0.001846890622102746,0.5020468429519799,0.0025335983044113748,0.8226678957833806,7.400409009410429e-06,0.6987560204261938,1.0677919215092467e-05,0.6987560204261938,1.0677919215092467e-05
RandomForest,0.7830096870675416,0.0010689226746274168,0.6994955128269533,0.000965001912942473,0.501651340456401,0.0012734843856084103,0.7382454031970265,0.00042340941145836616,0.6983236398565352,0.0004396496622968337,0.6120143225229128,0.0004824154385559349
XGBoost,0.987938038480425,0.000838202810519797,0.6952604557567678,0.0012304836299127922,0.4949155553147798,0.002370427448779013,0.8184557200137699,0.00042080270134568776,0.698608526913343,0.0002957944718000989,0.6937526556987073,0.0006403649896621989
MLP (PyTorch),0.5170215615374314,0.12080211609096206,0.699001828075791,0.0031609265961535507,0.500272422467839,0.004852066912436986,0.586589152259932,0.07798005613904466,0.699070210637318,0.0027804778615866947,0.5068747986604047,0.047701093534628945
