model,recall_mean,recall_std,pr_auc_mean,pr_auc_std,roc_auc_mean,roc_auc_std,f1_mean,f1_std,precision_mean,precision_std,accuracy_mean,accuracy_std
Dummy (most_frequent),1.0,0.0,0.6987560204261938,1.0677919215092467e-05,0.5,0.0,0.8226678957833806,7.400409009410429e-06,0.6987560204261938,1.0677919215092467e-05,0.6987560204261938,1.0677919215092467e-05
Dummy (stratified),0.7000133922592742,0.002365544627381218,0.6982675026149499,0.0016514461203802964,0.49882534861650096,0.003909509739160522,0.6990304246071548,0.0023622228997199194,0.6980502136752136,0.00235891048780123,0.5787999874934252,0.003299811830913927
LogisticRegression,1.0,0.0,0.7004620554983202,0.001846890622102746,0.5020468429519799,0.0025335983044113748,0.8226678957833806,7.400409009410429e-06,0.6987560204261938,1.0677919215092467e-05,0.6987560204261938,1.0677919215092467e-05
RandomForest,0.7830096870675416,0.0010689226746274168,0.6994947370970442,0.0009651454913046488,0.5016512142517355,0.0012736092391338414,0.7382454031970265,0.00042340941145836616,0.6983236398565352,0.0004396496622968337,0.6120143225229128,0.0004824154385559349
MLP (PyTorch),0.39825900629436184,0.14005309353810516,0.6982169567754226,0.0017640450489488752,0.4987586855220588,0.0021217909992972887,0.4925343358599024,0.11339721828903306,0.6978936132801583,0.002306230053707365,0.45883116678837066,0.054892369049324194
