model,recall_mean,recall_std,pr_auc_mean,pr_auc_std,roc_auc_mean,roc_auc_std,f1_mean,f1_std,precision_mean,precision_std,accuracy_mean,accuracy_std
Dummy (most_frequent),1.0,0.0,0.6987560204261938,1.0677919215092467e-05,0.5,0.0,0.8226678957833806,7.400409009410429e-06,0.6987560204261938,1.0677919215092467e-05,0.6987560204261938,1.0677919215092467e-05
Dummy (stratified),0.7000133922592742,0.002365544627381218,0.6982675026149499,0.0016514461203802964,0.49882534861650096,0.003909509739160522,0.6990304246071548,0.0023622228997199194,0.6980502136752136,0.00235891048780123,0.5787999874934252,0.003299811830913927
LogisticRegression,1.0,0.0,0.7003985573020394,0.0015975487229997545,0.5021158480431585,0.0019918459818891268,0.8226678957833806,7.400409009410429e-06,0.6987560204261938,1.0677919215092467e-05,0.6987560204261938,1.0677919215092467e-05
RandomForest,0.8857461720458908,0.004165219899338,0.6984155352908346,0.002499668534003954,0.4994540761373686,0.0029462325385350074,0.7810936033071814,0.0015466373034252765,0.6985652950571877,0.0004635972384792531,0.6530956163274132,0.0015557990316577809
MLP (PyTorch),0.4456943886433641,0.08192793709611537,0.7005819310928466,0.0017725292614665445,0.5021631705830683,0.0019372943018374112,0.5407932337908562,0.055966149627692995,0.70111565162135,0.0023741308021286802,0.4796934792019357,0.03136041173703566
