model,recall_mean,recall_std,pr_auc_mean,pr_auc_std,roc_auc_mean,roc_auc_std,f1_mean,f1_std,precision_mean,precision_std,accuracy_mean,accuracy_std
Dummy (most_frequent),0.0,0.0,0.2998652458794492,1.0327172192998234e-05,0.5,0.0,0.0,0.0,0.0,0.0,0.7001347541205508,1.032717219297744e-05
Dummy (stratified),0.2974659817569436,0.0025516820568076476,0.29967472431428943,0.0007707974315238095,0.4995295999010875,0.001823482458070853,0.2983318296095714,0.0025604748729157636,0.2992027329640071,0.002569341373450227,0.5804095064905938,0.0015316231950947517
LogisticRegression,0.0,0.0,0.3001526331170661,0.002150800871067198,0.5007852657592123,0.002811360622349357,0.0,0.0,0.0,0.0,0.7001347541205508,1.032717219297744e-05
RandomForest,0.20733991923901848,0.0013362232143179487,0.2989483768938942,0.0017561708835685354,0.4984323092817033,0.0029946774513720325,0.24369939214309735,0.0013695441309067447,0.2955255624966854,0.001532185651702867,0.6140980290388895,0.0007490983917460418
XGBoost,0.009528533744144706,0.0014820537355670258,0.29936542930046073,0.0027739134129288446,0.49891518270822577,0.004101722146993701,0.018463584218536094,0.002840252435008461,0.29796474437010934,0.03166651819742858,0.6963042487690132,0.00047498985934241373
MLP (PyTorch),0.5317429432713584,0.2299253270232897,0.3007098071387605,0.0016124456633586348,0.5012218795211518,0.0017013385045005448,0.36366204547061287,0.07450465455866857,0.30016597484562013,0.0011251653534479769,0.4882649579635725,0.09089211198999203
